<?xml version="1.0" encoding="utf-8"?>
<Groups clsid="{3125E937-EB16-4b4c-9934-544FC6D24D26}"><Group clsid="{6D4A79E4-529C-4481-ABD0-F5BD7EA93BA7}" name="DesktopAdmins" image="2" changed="2019-10-08 15:42:23" uid="{48F5148C-AB4A-47B3-89B6-5C7FAB969656}" userContext="0" removePolicy="0" desc="Add &quot;DesktopAdmins&quot; to Local Administrators Group"><Properties action="U" newName="" description="" deleteAllUsers="0" deleteAllGroups="1" removeAccounts="0" groupSid="S-1-5-32-544" groupName="Administrators (built-in)"><Members><Member name="BHCORP\DesktopAdmins" action="ADD" sid="S-1-5-21-40602658-3454487364-829031518-19046"/></Members></Properties><Filters/></Group>
	<Group clsid="{6D4A79E4-529C-4481-ABD0-F5BD7EA93BA7}" name="WA_Wausau" image="2" changed="2018-10-22 16:17:39" uid="{014FF5C5-DE81-42CE-BF75-021645CD036D}" userContext="0" removePolicy="0"><Properties action="U" newName="" description="" deleteAllUsers="0" deleteAllGroups="0" removeAccounts="0" groupSid="S-1-5-32-544" groupName="Administrators (built-in)"><Members><Member name="BHCORP\WA_Wausau" action="ADD" sid="S-1-5-21-40602658-3454487364-829031518-21145"/></Members></Properties><Filters><FilterGroup bool="AND" not="0" name="BHCORP\LocalAdmin_Wausau" sid="S-1-5-21-40602658-3454487364-829031518-21145" userContext="0" primaryGroup="0" localGroup="0"/></Filters></Group>
	<Group clsid="{6D4A79E4-529C-4481-ABD0-F5BD7EA93BA7}" name="WA_Melomation" image="2" changed="2018-10-22 16:13:41" uid="{4425DE93-CFBF-4308-8083-294017161C32}" userContext="0" removePolicy="0"><Properties action="U" newName="" description="" deleteAllUsers="0" deleteAllGroups="0" removeAccounts="0" groupSid="S-1-5-32-544" groupName="Administrators (built-in)"><Members><Member name="BHCORP\WA_Melomation" action="ADD" sid="S-1-5-21-40602658-3454487364-829031518-38875"/></Members></Properties><Filters><FilterGroup bool="AND" not="0" name="BHCORP\LocalAdmin_Melomation" sid="S-1-5-21-40602658-3454487364-829031518-38875" userContext="0" primaryGroup="0" localGroup="0"/></Filters></Group>
	<Group clsid="{6D4A79E4-529C-4481-ABD0-F5BD7EA93BA7}" name="WA_Radio.Gateways" image="2" userContext="0" removePolicy="0" changed="2018-10-22 16:14:54" uid="{B99A96C3-4F15-40F1-B875-6452B7D9E44D}"><Properties action="U" newName="" description="" deleteAllUsers="0" deleteAllGroups="0" removeAccounts="0" groupSid="S-1-5-32-544" groupName="Administrators (built-in)"><Members><Member name="BHCORP\WA_Radio.Gateways" action="ADD" sid="S-1-5-21-40602658-3454487364-829031518-41315"/></Members></Properties><Filters><FilterGroup bool="AND" not="0" name="BHCORP\LocalAdmin_Radio.Gateways" sid="S-1-5-21-40602658-3454487364-829031518-41315" userContext="0" primaryGroup="0" localGroup="0"/></Filters></Group>
	<Group clsid="{6D4A79E4-529C-4481-ABD0-F5BD7EA93BA7}" name="WA_Comm.Techs" image="2" userContext="0" removePolicy="0" changed="2018-10-22 16:09:38" uid="{53E7DDCD-9F43-4E25-AED7-A2AC62B63949}"><Properties action="U" newName="" description="" deleteAllUsers="0" deleteAllGroups="0" removeAccounts="0" groupSid="S-1-5-32-544" groupName="Administrators (built-in)"><Members><Member name="BHCORP\WA_Comm.Techs" action="ADD" sid="S-1-5-21-40602658-3454487364-829031518-45603"/></Members></Properties><Filters><FilterGroup bool="AND" not="0" name="BHCORP\LocalAdmin_Comm.Techs" sid="S-1-5-21-40602658-3454487364-829031518-45603" userContext="0" primaryGroup="0" localGroup="0"/></Filters></Group>
	<Group clsid="{6D4A79E4-529C-4481-ABD0-F5BD7EA93BA7}" name="WA_Instrument.Techs" image="2" changed="2018-10-22 16:12:18" uid="{A7E4593B-F914-459D-BAC4-324D9B315123}" userContext="0" removePolicy="0"><Properties action="U" newName="" description="" deleteAllUsers="0" deleteAllGroups="0" removeAccounts="0" groupSid="S-1-5-32-544" groupName="Administrators (built-in)"><Members><Member name="BHCORP\WA_Instrument.Techs" action="ADD" sid="S-1-5-21-40602658-3454487364-829031518-41586"/></Members></Properties><Filters><FilterGroup bool="AND" not="0" name="BHCORP\LocalAdmin_Instrument.Techs" sid="S-1-5-21-40602658-3454487364-829031518-41586" userContext="0" primaryGroup="0" localGroup="0"/></Filters></Group>
	<Group clsid="{6D4A79E4-529C-4481-ABD0-F5BD7EA93BA7}" name="WA_Anchor" image="2" changed="2018-10-22 16:06:41" uid="{E2DC092C-7CB7-428A-90B0-A5F324EE0812}" userContext="0" removePolicy="0"><Properties action="U" newName="" description="" deleteAllUsers="0" deleteAllGroups="0" removeAccounts="0" groupSid="S-1-5-32-544" groupName="Administrators (built-in)"><Members><Member name="BHCORP\WA_Anchor" action="ADD" sid="S-1-5-21-40602658-3454487364-829031518-51839"/></Members></Properties><Filters><FilterGroup bool="AND" not="0" name="BHCORP\LocalAdmin_Anchor" sid="S-1-5-21-40602658-3454487364-829031518-51839" userContext="0" primaryGroup="0" localGroup="0"/></Filters></Group>
	<Group clsid="{6D4A79E4-529C-4481-ABD0-F5BD7EA93BA7}" name="WA_DAB.Tablets" image="2" userContext="0" removePolicy="0" changed="2018-10-22 16:10:35" uid="{D0B2FEF3-DCE5-4780-B0CD-A4700860F5B0}"><Properties action="U" newName="" description="" deleteAllUsers="0" deleteAllGroups="0" removeAccounts="0" groupSid="S-1-5-32-544" groupName="Administrators (built-in)"><Members><Member name="BHCORP\WA_DAB.Tablets" action="ADD" sid="S-1-5-21-40602658-3454487364-829031518-64491"/></Members></Properties><Filters><FilterGroup bool="AND" not="0" name="BHCORP\LocalAdmin_DAB.Tablets" sid="S-1-5-21-40602658-3454487364-829031518-64491" userContext="0" primaryGroup="0" localGroup="0"/></Filters></Group>
	<Group clsid="{6D4A79E4-529C-4481-ABD0-F5BD7EA93BA7}" name="WA_Relay.Techs" image="2" changed="2018-10-22 16:15:54" uid="{4DD52F4F-A60F-4BF2-AAE9-534BD7998E29}" userContext="0" removePolicy="0"><Properties action="U" newName="" description="" deleteAllUsers="0" deleteAllGroups="0" removeAccounts="0" groupSid="S-1-5-32-544" groupName="Administrators (built-in)"><Members><Member name="BHCORP\WA_Relay.Techs" action="ADD" sid="S-1-5-21-40602658-3454487364-829031518-66135"/></Members></Properties><Filters><FilterGroup bool="AND" not="0" name="BHCORP\LocalAdmin_Relay.Techs" sid="S-1-5-21-40602658-3454487364-829031518-66135" userContext="0" primaryGroup="0" localGroup="0"/></Filters></Group>
	<Group clsid="{6D4A79E4-529C-4481-ABD0-F5BD7EA93BA7}" name="WA_GCPoller" image="2" changed="2018-10-22 16:11:28" uid="{8B1DA6D7-B742-4042-8CE5-32678EB94726}" userContext="0" removePolicy="0"><Properties action="U" newName="" description="" deleteAllUsers="0" deleteAllGroups="0" removeAccounts="0" groupSid="S-1-5-32-544" groupName="Administrators (built-in)"><Members><Member name="BHCORP\WA_GCPoller" action="ADD" sid="S-1-5-21-40602658-3454487364-829031518-70832"/></Members></Properties><Filters><FilterGroup bool="AND" not="0" name="BHCORP\LocalAdmin_GCPoller" sid="S-1-5-21-40602658-3454487364-829031518-70832" userContext="0" primaryGroup="0" localGroup="0"/></Filters></Group>
	<Group clsid="{6D4A79E4-529C-4481-ABD0-F5BD7EA93BA7}" name="WA_ZoomRooms" image="2" changed="2018-10-22 15:58:25" uid="{CF965CE8-37C8-4FBB-96E9-8519EF5227BC}" userContext="0" removePolicy="0"><Properties action="U" newName="" description="" deleteAllUsers="0" deleteAllGroups="0" removeAccounts="0" groupSid="S-1-5-32-544" groupName="Administrators (built-in)"><Members><Member name="BHCORP\WA_ZoomRoom" action="ADD" sid="S-1-5-21-40602658-3454487364-829031518-84686"/></Members></Properties><Filters><FilterGroup bool="AND" not="0" name="BHCORP\LocalAdmin_ZoomRoom" sid="S-1-5-21-40602658-3454487364-829031518-84686" userContext="0" primaryGroup="0" localGroup="0"/></Filters></Group>
	<Group clsid="{6D4A79E4-529C-4481-ABD0-F5BD7EA93BA7}" name="WA_Clearion" image="2" changed="2018-10-22 16:05:43" uid="{E124188B-7B17-4110-9444-D0FFDD38B367}" userContext="0" removePolicy="0"><Properties action="U" newName="" description="" deleteAllUsers="0" deleteAllGroups="0" removeAccounts="0" groupSid="S-1-5-32-544" groupName="Administrators (built-in)"><Members><Member name="BHCORP\WA_Clearion" action="ADD" sid="S-1-5-21-40602658-3454487364-829031518-85034"/></Members></Properties><Filters><FilterGroup bool="AND" not="0" name="BHCORP\LocalAdmin_Clearion" sid="S-1-5-21-40602658-3454487364-829031518-85034" userContext="0" primaryGroup="0" localGroup="0"/></Filters></Group>
	<Group clsid="{6D4A79E4-529C-4481-ABD0-F5BD7EA93BA7}" name="WA_Network" image="2" userContext="0" removePolicy="0" changed="2018-10-22 15:52:33" uid="{4C9718D9-28BB-4076-A388-49CEE1BF9840}"><Properties action="U" newName="" description="" deleteAllUsers="0" deleteAllGroups="0" removeAccounts="0" groupSid="S-1-5-32-544" groupName="Administrators (built-in)"><Members><Member name="BHCORP\WA_MSA" action="ADD" sid="S-1-5-21-40602658-3454487364-829031518-86108"/></Members></Properties><Filters><FilterGroup bool="AND" not="0" name="BHCORP\LocalAdmin_MSA" sid="S-1-5-21-40602658-3454487364-829031518-86108" userContext="0" primaryGroup="0" localGroup="0"/></Filters></Group>
	<Group clsid="{6D4A79E4-529C-4481-ABD0-F5BD7EA93BA7}" name="WA_VDI.Template" image="2" userContext="0" removePolicy="0" changed="2018-10-22 16:16:40" uid="{49816A96-BF3E-4F25-8149-DE12B01C16DE}"><Properties action="U" newName="" description="" deleteAllUsers="0" deleteAllGroups="0" removeAccounts="0" groupSid="S-1-5-32-544" groupName="Administrators (built-in)"><Members><Member name="BHCORP\WA_VDI.Template" action="ADD" sid="S-1-5-21-40602658-3454487364-829031518-87135"/></Members></Properties><Filters><FilterGroup bool="AND" not="0" name="BHCORP\LocalAdmin_VDI.Template" sid="S-1-5-21-40602658-3454487364-829031518-87135" userContext="0" primaryGroup="0" localGroup="0"/></Filters></Group>
	<Group clsid="{6D4A79E4-529C-4481-ABD0-F5BD7EA93BA7}" name="WA_PFIM" image="2" changed="2018-10-08 16:49:38" uid="{4B5AF774-211A-41BC-9294-E1B6EB62F3AF}" userContext="0" removePolicy="0"><Properties action="U" newName="" description="" deleteAllUsers="0" deleteAllGroups="0" removeAccounts="0" groupSid="S-1-5-32-544" groupName="Administrators (built-in)"><Members><Member name="BHCORP\WA_PFIM" action="ADD" sid="S-1-5-21-40602658-3454487364-829031518-89815"/></Members></Properties><Filters><FilterGroup bool="AND" not="0" name="BHCORP\WA_PFIM" sid="S-1-5-21-40602658-3454487364-829031518-89815" userContext="0" primaryGroup="0" localGroup="0"/></Filters></Group>
	<Group clsid="{6D4A79E4-529C-4481-ABD0-F5BD7EA93BA7}" name="WA_ItronMobileCollectors" image="2" changed="2019-01-24 14:46:48" uid="{BF2714CC-CA41-43D6-BB32-FA16A49405DC}" userContext="0" removePolicy="0" desc="Local Administrator rights on Itron Mobile Collectors"><Properties action="U" newName="" description="" deleteAllUsers="0" deleteAllGroups="0" removeAccounts="0" groupSid="S-1-5-32-544" groupName="Administrators (built-in)"><Members><Member name="BHCORP\WA_ItronMobileCollectors" action="ADD" sid="S-1-5-21-40602658-3454487364-829031518-71449"/></Members></Properties><Filters><FilterGroup bool="AND" not="0" name="BHCORP\WA_ItronMobileCollectors" sid="S-1-5-21-40602658-3454487364-829031518-71449" userContext="0" primaryGroup="0" localGroup="0"/></Filters></Group>
	<Group clsid="{6D4A79E4-529C-4481-ABD0-F5BD7EA93BA7}" name="WA_Kofax" image="2" userContext="0" removePolicy="0" desc="Local Administrator rights on Kofax Workstations" changed="2019-01-24 14:46:16" uid="{623B32BC-3AAE-435D-A4FA-7D5C435F3B93}"><Properties action="U" newName="" description="" deleteAllUsers="0" deleteAllGroups="0" removeAccounts="0" groupSid="S-1-5-32-544" groupName="Administrators (built-in)"><Members><Member name="BHCORP\WA_Kofax" action="ADD" sid="S-1-5-21-40602658-3454487364-829031518-95152"/></Members></Properties><Filters><FilterGroup bool="AND" not="0" name="BHCORP\WA_Kofax" sid="S-1-5-21-40602658-3454487364-829031518-95152" userContext="0" primaryGroup="0" localGroup="0"/></Filters></Group>
	<Group clsid="{6D4A79E4-529C-4481-ABD0-F5BD7EA93BA7}" name="WA_Citrix" image="2" userContext="0" removePolicy="0" changed="2019-02-11 20:06:25" uid="{F2134EB4-F4D0-460C-8A12-357E635325D9}"><Properties action="U" newName="" description="" deleteAllUsers="0" deleteAllGroups="0" removeAccounts="0" groupSid="S-1-5-32-544" groupName="Administrators (built-in)"><Members><Member name="BHCORP\WA_Citrix" action="ADD" sid="S-1-5-21-40602658-3454487364-829031518-91801"/></Members></Properties><Filters><FilterComputer bool="AND" not="0" type="NETBIOS" name="VX*"/></Filters></Group>
	<Group clsid="{6D4A79E4-529C-4481-ABD0-F5BD7EA93BA7}" name="WA_PlantOperators" image="2" userContext="0" removePolicy="0" changed="2019-02-12 22:22:23" uid="{C269E827-FCB1-4005-AFBF-89C31011EDCD}"><Properties action="U" newName="" description="" deleteAllUsers="0" deleteAllGroups="0" removeAccounts="0" groupSid="S-1-5-32-544" groupName="Administrators (built-in)"><Members><Member name="BHCORP\WA_PlantOperators" action="ADD" sid="S-1-5-21-40602658-3454487364-829031518-94710"/></Members></Properties><Filters><FilterGroup bool="AND" not="0" name="BHCORP\WA_PlantOperators" sid="S-1-5-21-40602658-3454487364-829031518-94710" userContext="0" primaryGroup="0" localGroup="0"/></Filters></Group>
	<Group clsid="{6D4A79E4-529C-4481-ABD0-F5BD7EA93BA7}" name="WA_NSCControlRoom" image="2" changed="2019-10-08 15:25:29" uid="{26D24CE3-D285-4383-A589-246D22A4951E}" userContext="0" removePolicy="0"><Properties action="U" newName="" description="" deleteAllUsers="0" deleteAllGroups="0" removeAccounts="0" groupSid="S-1-5-32-544" groupName="Administrators (built-in)"><Members><Member name="BHCORP\WA_NSCControlRoom" action="ADD" sid="S-1-5-21-40602658-3454487364-829031518-97396"/></Members></Properties><Filters><FilterGroup bool="AND" not="0" name="BHCORP\WA_NSCControlRoom" sid="S-1-5-21-40602658-3454487364-829031518-97396" userContext="0" primaryGroup="0" localGroup="0"/></Filters></Group>
	<Group clsid="{6D4A79E4-529C-4481-ABD0-F5BD7EA93BA7}" name="WA_TeamsTest" image="2" changed="2020-09-15 16:14:53" uid="{4994DD33-4C74-474A-BE8A-2882781077E2}" userContext="0" removePolicy="0"><Properties action="U" newName="" description="" deleteAllUsers="0" deleteAllGroups="0" removeAccounts="0" groupSid="S-1-5-32-544" groupName="Administrators (built-in)"><Members><Member name="BHCORP\WA_TeamsTest" action="ADD" sid="S-1-5-21-40602658-3454487364-829031518-111800"/></Members></Properties><Filters><FilterGroup bool="AND" not="0" name="BHCORP\WA_TeamsTest" sid="S-1-5-21-40602658-3454487364-829031518-111800" userContext="0" primaryGroup="0" localGroup="0"/></Filters></Group>
	<Group clsid="{6D4A79E4-529C-4481-ABD0-F5BD7EA93BA7}" name="WA_TeamsTest_VDI" image="2" changed="2020-09-16 13:31:41" uid="{BAB06F1F-EFE1-46A9-8B97-12F87C47628D}" userContext="0" removePolicy="0"><Properties action="U" newName="" description="" deleteAllUsers="0" deleteAllGroups="0" removeAccounts="0" groupSid="S-1-5-32-544" groupName="Administrators (built-in)"><Members><Member name="BHCORP\WA_TeamsTest_VDI" action="ADD" sid="S-1-5-21-40602658-3454487364-829031518-111819"/></Members></Properties><Filters><FilterGroup bool="AND" not="0" name="BHCORP\WA_TeamsTest_VDI" sid="S-1-5-21-40602658-3454487364-829031518-111819" userContext="0" primaryGroup="0" localGroup="0"/></Filters></Group>
</Groups>
