<?xml version="1.0" encoding="utf-8"?>
<Groups clsid="{3125E937-EB16-4b4c-9934-544FC6D24D26}"><Group clsid="{6D4A79E4-529C-4481-ABD0-F5BD7EA93BA7}" name="Remote Desktop Users (built-in)" image="2" changed="2018-09-12 19:16:28" uid="{6F63F682-53D6-4350-A33C-6D2891D587B5}"><Properties action="U" newName="" description="" deleteAllUsers="0" deleteAllGroups="0" removeAccounts="0" groupSid="S-1-5-32-555" groupName="Remote Desktop Users (built-in)"><Members><Member name="NT AUTHORITY\Authenticated Users" action="ADD" sid=""/></Members></Properties></Group>
	<Group clsid="{6D4A79E4-529C-4481-ABD0-F5BD7EA93BA7}" name="Users (built-in)" image="2" changed="2018-09-12 19:05:33" uid="{FC68A68C-0263-4CCD-9FE4-6C86273D12BC}"><Properties action="U" newName="" description="" deleteAllUsers="0" deleteAllGroups="0" removeAccounts="0" groupSid="S-1-5-32-545" groupName="Users (built-in)"><Members><Member name="BHCORP\Domain Users" action="ADD" sid="S-1-5-21-40602658-3454487364-829031518-513"/></Members></Properties></Group>
	<Group clsid="{6D4A79E4-529C-4481-ABD0-F5BD7EA93BA7}" name="Performance Log Users (built-in)" image="2" changed="2018-09-12 19:09:25" uid="{831D70B6-F0CD-4B7D-9969-288CEAACDEF9}"><Properties action="U" newName="" description="" deleteAllUsers="0" deleteAllGroups="0" removeAccounts="0" groupSid="S-1-5-32-559" groupName="Performance Log Users (built-in)"><Members><Member name="NT Service\CitrixTelemetryService" action="ADD" sid=""/></Members></Properties></Group>
	<Group clsid="{6D4A79E4-529C-4481-ABD0-F5BD7EA93BA7}" name="Performance Monitor Users (built-in)" image="2" changed="2018-09-12 19:09:52" uid="{DDF99E06-E648-4243-84CB-921409EC9C83}"><Properties action="U" newName="" description="" deleteAllUsers="0" deleteAllGroups="0" removeAccounts="0" groupSid="S-1-5-32-558" groupName="Performance Monitor Users (built-in)"><Members><Member name="NT Service\BrokerAgent" action="ADD" sid=""/></Members></Properties></Group>
	<Group clsid="{6D4A79E4-529C-4481-ABD0-F5BD7EA93BA7}" name="Direct Access Users" image="2" changed="2018-10-30 15:00:49" uid="{E350F71F-43A9-4637-A5A3-A52C19D16F42}"><Properties action="U" newName="" description="" deleteAllUsers="0" deleteAllGroups="0" removeAccounts="0" groupSid="" groupName="Direct Access Users"><Members><Member name="BHCORP\SA_Citrix" action="ADD" sid="S-1-5-21-40602658-3454487364-829031518-70270"/></Members></Properties></Group>
</Groups>
